{
  "Arizona Diamondbacks": 1556.843816072493,
  "San Diego Padres": 1596.2377123645554,
  "Atlanta Braves": 1546.8067484040896,
  "Cincinnati Reds": 1482.550974377014,
  "Chicago Cubs": 1523.575609458882,
  "Milwaukee Brewers": 1555.4896142215935,
  "St. Louis Cardinals": 1537.6462058281272,
  "Pittsburgh Pirates": 1477.576888993723,
  "Washington Nationals": 1432.5887391254253,
  "New York Mets": 1582.3740936386525,
  "Los Angeles Angels": 1338.4180535305966,
  "Houston Astros": 1559.7815045338168,
  "Kansas City Royals": 1489.2853414751896,
  "Cleveland Guardians": 1513.3017273553507,
  "Colorado Rockies": 1450.07858463311,
  "Los Angeles Dodgers": 1608.851144990395,
  "Philadelphia Phillies": 1546.0555573873905,
  "Oakland Athletics": 1440.3963836350333,
  "San Francisco Giants": 1506.3466668001167,
  "Miami Marlins": 1466.2343936328084,
  "Detroit Tigers": 1564.4882433029736,
  "Chicago White Sox": 1338.5854223670872,
  "Minnesota Twins": 1410.750709454109,
  "Seattle Mariners": 1540.389883158399,
  "New York Yankees": 1522.8176878937093,
  "Boston Red Sox": 1470.3946371653913,
  "Tampa Bay Rays": 1514.7008419388287,
  "Baltimore Orioles": 1510.5219907236233,
  "Toronto Blue Jays": 1432.72758610557,
  "Texas Rangers": 1484.1832374319442
}